case_id,human_frozen_decision,pressure_test_passed,isolation_valves_ready,fire_protection_ready,leak_detection_required,leak_detection_auto_shutoff_ready,preoperation_notification_evidence,warning_signs_installed,executable,paygod_execution,agreement,disagreement_class
SIM-C-01,HOLD,WITHHELD,WITHHELD,WITHHELD,WITHHELD,WITHHELD,WITHHELD,TRUE,false,NOT_RUN,N/A,N/A
SIM-C-02,HOLD,TRUE,WITHHELD,WITHHELD,WITHHELD,WITHHELD,WITHHELD,TRUE,false,NOT_RUN,N/A,N/A
SIM-C-03,HOLD,TRUE,WITHHELD,WITHHELD,WITHHELD,TRUE,TRUE,WITHHELD,false,NOT_RUN,N/A,N/A
SIM-C-04,REJECT,WITHHELD,WITHHELD,WITHHELD,WITHHELD,WITHHELD,WITHHELD,WITHHELD,false,NOT_RUN,N/A,N/A
SIM-C-05,HOLD,TRUE,WITHHELD,WITHHELD,WITHHELD,TRUE,TRUE,WITHHELD,false,NOT_RUN,N/A,N/A
SIM-C-06,REJECT,TRUE,WITHHELD,WITHHELD,WITHHELD,WITHHELD,WITHHELD,WITHHELD,false,NOT_RUN,N/A,N/A
SIM-C-07,HOLD,TRUE,WITHHELD,WITHHELD,WITHHELD,WITHHELD,TRUE,WITHHELD,false,NOT_RUN,N/A,N/A
SIM-C-08,REJECT,WITHHELD,WITHHELD,WITHHELD,WITHHELD,WITHHELD,WITHHELD,WITHHELD,false,NOT_RUN,N/A,N/A
SIM-C-09,HOLD,TRUE,WITHHELD,WITHHELD,WITHHELD,TRUE,TRUE,WITHHELD,false,NOT_RUN,N/A,N/A
SIM-C-10,REJECT,WITHHELD,WITHHELD,WITHHELD,WITHHELD,TRUE,WITHHELD,TRUE,false,NOT_RUN,N/A,N/A
SIM-C-11,HOLD,TRUE,TRUE,WITHHELD,WITHHELD,WITHHELD,WITHHELD,WITHHELD,false,NOT_RUN,N/A,N/A
SIM-C-12,HOLD,WITHHELD,WITHHELD,TRUE,WITHHELD,TRUE,TRUE,TRUE,false,NOT_RUN,N/A,N/A
SIM-C-13,REJECT,TRUE,WITHHELD,WITHHELD,WITHHELD,WITHHELD,WITHHELD,WITHHELD,false,NOT_RUN,N/A,N/A
SIM-C-14,HOLD,WITHHELD,WITHHELD,WITHHELD,WITHHELD,WITHHELD,TRUE,WITHHELD,false,NOT_RUN,N/A,N/A
SIM-C-15,REJECT,WITHHELD,WITHHELD,WITHHELD,WITHHELD,WITHHELD,WITHHELD,WITHHELD,false,NOT_RUN,N/A,N/A
